INSERT INTO tag (id, title, path_image) VALUES (1,'life','path_1')
INSERT INTO tag (id, title, path_image) VALUES (2,'dogs','path_2')
INSERT INTO tag (id, title, path_image) VALUES (3,'cats','path_3')
INSERT INTO tag (id, title, path_image) VALUES (4,'sport','path_4')
INSERT INTO tag (id, title, path_image) VALUES (5,'test','path_5')

INSERT INTO author (id, mail,  login, password, first_name, last_name) VALUES (1,'testMail1@mail.ru','testLogin1','testPsw1','testFirst1', 'testLast1')
INSERT INTO author (id, mail,  login, password, first_name, last_name) VALUES (2,'testMail2@mail.ru','testLogin2','testPsw2','testFirst2', 'testLast2')
INSERT INTO author (id, mail,  login, password, first_name, last_name) VALUES (3,'testMail3@mail.ru','testLogin3','testPsw3','testFirst3', 'testLast3')
INSERT INTO author (id, mail,  login, password, first_name, last_name) VALUES (4,'testMail4@mail.ru','testLogin4','testPsw4','testFirst4', 'testLast4')
INSERT INTO author (id, mail,  login, password, first_name, last_name) VALUES (5,'testMail5@mail.ru','testLogin5','testPsw5','testFirst5', 'testLast5')

INSERT INTO post (title, description, text, author_id) VALUES ('title1','testDescription1','testText1', 1)
INSERT INTO post (title, description, text, author_id) VALUES ('title2','testDescription2','testText2', 1)
INSERT INTO post (title, description, text, author_id) VALUES ('title3','testDescription3','testText3', 3)
INSERT INTO post (title, description, text, author_id) VALUES ('title4','testDescription4','testText4', 2)
INSERT INTO post (title, description, text, author_id) VALUES ('title5','testDescription5','testText5', 4)

INSERT INTO post_has_tag (post_id, tag_id) VALUES (1,1)
INSERT INTO post_has_tag (post_id, tag_id) VALUES (1,2)
INSERT INTO post_has_tag (post_id, tag_id) VALUES (2,3)
INSERT INTO post_has_tag (post_id, tag_id) VALUES (2,4)
INSERT INTO post_has_tag (post_id, tag_id) VALUES (3,3)
INSERT INTO post_has_tag (post_id, tag_id) VALUES (3,1)
INSERT INTO post_has_tag (post_id, tag_id) VALUES (3,4)
INSERT INTO post_has_tag (post_id, tag_id) VALUES (4,3)

INSERT INTO comment (comment_text, comment_post_id, comment_author_id) VALUES ('text1', 1, 4)
INSERT INTO comment (comment_text, comment_post_id, comment_author_id) VALUES ('text2', 3, 4)
INSERT INTO comment (comment_text, comment_post_id, comment_author_id) VALUES ('text3', 3, 4)
INSERT INTO comment (comment_text, comment_post_id, comment_author_id) VALUES ('text4', 1, 4)
INSERT INTO comment (comment_text, comment_post_id, comment_author_id) VALUES ('text5', 1, 2)
INSERT INTO comment (comment_text, comment_post_id, comment_author_id) VALUES ('text6', 1, 3)

INSERT INTO view (view_id, post_id, author_id) VALUES (1, 1, 1)
INSERT INTO view (view_id, post_id, author_id) VALUES (2, 2, 1)
INSERT INTO view (view_id, post_id, author_id) VALUES (3, 1, 2)
INSERT INTO view (view_id, post_id, author_id) VALUES (4, 1, 3)
INSERT INTO view (view_id, post_id, author_id) VALUES (5, 3, 3)
INSERT INTO view (view_id, post_id, author_id) VALUES (6, 1, 4)
INSERT INTO view (view_id, post_id, author_id) VALUES (7, 2, 2)
INSERT INTO view (view_id, post_id, author_id) VALUES (8, 1, 5)
INSERT INTO view (view_id, post_id, author_id) VALUES (9, 5, 4)

